nt_from,A,C,G,T
A,-0.9555841366188729,0.11315760195867024,0.7544327771303913,0.08799375744755054
C,0.6286500406984394,-2.2004127261714683,0.06280950747563613,1.508953177991913
G,2.011808964622017,0.012540961916051075,-2.275833312379176,0.25148338580139845
T,0.37711530142059485,1.2574632314418779,0.37722050590617195,-2.011799038794064
