nt_from,A,C,G,T
A,-0.6333333333333333,0.075,0.5,0.05833333333333333
C,0.4166666666666667,-1.4583333333333335,0.041666666666666664,1
G,1.3333333333333333,0.008333333333333333,-1.5083333333333333,0.16666666666666666
T,0.25,0.8333333333333334,0.25,-1.3333333333333335
