nt_from,A,C,G,T
A,-0.05939939580964311,0.005293221610996546,0.04826326281481398,0.005842911383832581
C,0.060067317708711335,-0.1642534514280282,0.0040219385679011645,0.1001641951514157
G,0.19221541666787628,5.881357345551717e-4,-0.2094975849276674,0.01669403252523595
T,0.036040390625226806,0.05881357345551718,0.02413163140740699,-0.11898559548815096
