nt_from,A,C,G,T
A,0,0.2443449151094884,0.6521239932963968,0.10353109159411467
C,0.3762497155332925,0,0.09529514110585588,0.5284551433608516
G,0.8025319570157908,0.07616054421717136,0,0.12130749876703778
T,0.18986287517980488,0.629367793091296,0.18076933172889906,0
